date,bdi,bci,bpi,bsi,bhsi,vlsfo_singapore_usd,coking_coal_fob_aus_usd,thermal_coal_fob_indo_usd,iron_ore_cfr_china_usd,paradip_congestion_days,haldia_congestion_days,fleet_growth_pct,dxy_index,monsoon_active_india
2023-01,1180,1450,1260,1020,680,640.50,315.00,78.50,122.00,2.1,4.2,2.8,102.3,0
2023-02,980,820,1110,890,560,630.00,345.00,74.20,126.50,1.8,3.9,2.8,103.5,0
2023-03,1420,1750,1520,1180,720,590.20,320.00,72.00,128.00,2.0,4.1,2.9,102.1,0
2023-04,1580,2100,1640,1240,780,580.00,290.00,68.50,118.00,2.3,4.5,2.9,101.8,0
2023-05,1350,1820,1390,1090,690,560.50,240.00,64.00,105.00,2.5,4.8,3.0,103.2,0
2023-06,1120,1540,1180,880,590,585.00,230.00,61.50,112.00,3.2,5.6,3.0,102.9,1
2023-07,1050,1420,1060,820,540,610.00,235.00,59.00,114.50,3.4,5.9,3.1,101.5,1
2023-08,1180,1580,1240,940,610,645.00,250.00,58.20,118.00,3.1,5.4,3.1,103.6,1
2023-09,1520,2180,1560,1190,750,670.00,290.00,62.00,121.50,2.8,4.9,3.2,106.1,1
2023-10,1980,3150,1890,1320,810,660.00,340.00,64.50,119.00,2.4,4.5,3.2,106.6,0
2023-11,2150,3620,2050,1410,860,630.00,325.00,65.00,129.00,2.2,4.3,3.3,103.5,0
2023-12,2450,4480,2120,1520,920,615.00,335.00,66.00,135.00,2.1,4.1,3.3,101.4,0
2024-01,1780,2720,1720,1280,740,625.00,330.00,65.00,138.00,1.9,3.8,3.2,103.1,0
2024-02,1620,2450,1610,1190,690,635.00,315.00,62.00,128.00,1.7,3.6,3.2,104.2,0
2024-03,2120,3450,2080,1460,840,640.00,275.00,60.50,115.00,2.0,4.0,3.1,104.5,0
2024-04,1850,2820,1840,1390,780,620.00,245.00,58.00,112.00,2.2,4.3,3.1,105.8,0
2024-05,1920,2980,1910,1440,810,610.00,240.00,56.50,119.00,2.4,4.6,3.0,104.7,0
2024-06,1790,2750,1740,1360,770,595.00,250.00,55.00,107.00,3.0,5.2,3.0,105.6,1
2024-07,1880,2940,1820,1410,790,605.00,255.00,54.50,105.50,3.3,5.8,2.9,104.3,1
2024-08,1720,2610,1690,1310,740,590.00,245.00,53.80,101.00,3.0,5.3,2.9,101.7,1
2024-09,1950,3120,1880,1420,810,575.00,235.00,54.00,94.00,2.7,4.8,2.8,100.8,1
2024-10,1840,2890,1790,1370,780,565.00,225.00,53.20,103.00,2.3,4.4,2.8,104.2,0
2024-11,1680,2520,1650,1290,730,555.00,215.00,52.50,102.50,2.1,4.1,2.8,106.3,0
2024-12,1750,2680,1720,1340,760,560.00,220.00,53.00,104.00,2.0,3.9,2.7,105.9,0
2025-01,1520,2180,1540,1210,690,570.00,225.00,52.80,106.00,1.8,3.7,2.7,107.4,0
2025-02,1380,1890,1420,1120,640,580.00,220.00,51.50,108.00,1.6,3.5,2.6,106.8,0
2025-03,1650,2380,1680,1290,730,590.00,215.00,50.80,104.50,1.9,3.9,2.6,104.2,0
2025-04,1780,2620,1790,1370,780,595.00,210.00,51.20,99.00,2.1,4.2,2.5,103.5,0
2025-05,1860,2790,1850,1430,810,585.00,218.00,52.00,101.50,2.3,4.5,2.5,102.8,0
2025-06,1740,2540,1710,1360,760,575.00,222.00,51.80,98.50,3.1,5.4,2.5,103.1,1
2025-07,1680,2410,1640,1310,730,580.00,220.00,51.00,97.00,3.5,6.0,2.4,102.4,1
2025-08,1720,2480,1690,1350,750,575.00,224.00,51.50,100.00,3.2,5.5,2.4,101.9,1
2025-09,1810,2640,1750,1410,780,580.00,226.00,52.20,102.50,2.8,5.0,2.4,101.5,1
2025-10,1820,2650,1650,1390,770,585.00,224.50,52.80,103.00,2.4,4.6,2.3,103.2,0
2025-11,1940,2980,1780,1480,820,590.00,228.00,53.50,105.00,2.2,4.4,2.3,104.1,0
2025-12,2110,3340,1890,1560,860,595.00,232.00,54.00,108.00,2.1,4.2,2.3,103.8,0
2026-01,1680,2250,1540,1320,720,585.00,228.00,53.20,106.50,1.9,3.9,2.2,105.4,0
2026-02,1450,1820,1380,1190,650,578.00,222.00,52.00,104.00,1.7,3.6,2.2,104.9,0
2026-03,1720,2410,1620,1370,750,582.00,224.00,52.40,103.50,2.0,4.0,2.2,103.7,0
2026-04,1890,2750,1790,1490,810,585.00,225.00,53.00,102.00,2.2,4.3,2.1,102.9,0
2026-05,1950,2890,1840,1540,840,580.00,226.50,53.50,103.00,2.4,4.6,2.1,102.3,0
2026-06,1780,2520,1680,1410,770,578.00,225.00,52.80,101.50,3.2,5.5,2.1,103.0,1
2026-07,1690,2380,1590,1340,730,580.00,223.00,52.20,100.00,3.5,6.1,2.0,102.5,1
2026-08,1740,2490,1640,1390,760,582.50,224.50,52.80,101.20,3.1,5.6,2.0,102.1,1
